source_id,source_pool,nss_solution_type,period_d,eccentricity,significance,ruwe,parallax,phot_g_mean_mag,bp_rp,distance_pc,M_2_mjup_face_on,M_2_mjup_marginalized,M_2_2sigma_hi,HIP,Name,Vmag,SpType,snrPMaH2G2,M_host_msun_used,sahl_confirmed,tier_a,in_stefansson,documented_fp,ruwe_pass,nasa_exo_match,hgca_chisq,hgca_tier,v2_verdict,v2_score,sahl_verdict,v3_verdict,v4_verdict,hb_M2_msun,hb_method,hb_stellar_match,v5_verdict,hb_flux_ratio,trif_rv_scatter_mps,v6_verdict,hb_flux_ratio_v7,v7_verdict,ra,dec,pmra,pmdec,exoeu_match_v8,exoeu_match_name,exoeu_match_sep_arcsec,v8_verdict,v9_verdict,v9b_verdict,otype,wds,vis,nbib,promotability_score
2093075590711595648,orbital_pool,Orbital,322.9399094916097,0.29226692042325403,29.479998,2.07472,23.27144869036986,15.283491,3.5313616,42.97111079353723,22.134614397830426,22.751180188102452,26.63615972321909,,,,,,0.17946729300755485,0,0,false,false,true,false,,,SURVIVOR_no_hgca_corroboration,4.7479998,,SURVIVOR_no_hgca_corroboration,SURVIVOR_no_hgca_corroboration,,,false,SURVIVOR_no_hgca_corroboration,,,SURVIVOR_no_hgca_corroboration,,SURVIVOR_no_hgca_corroboration,282.6441436867431,34.679679556522174,73.29089515761513,-295.06902752667764,false,,,SURVIVOR_no_hgca_corroboration,SURVIVOR_no_hgca_corroboration,SURVIVOR_no_hgca_corroboration,PM*,,,6,6.548861750593321
2171331337961823232,orbital_pool,Orbital,738.1807094970922,0.3020926953219037,42.94295,3.7583556,11.118433085336875,13.211566,2.3579302,89.94073106567618,28.913464541176044,29.05929690052347,35.71446480305986,,,,,,0.49233515669538447,0,0,false,false,true,false,,,SURVIVOR_no_hgca_corroboration,6.094295,,SURVIVOR_no_hgca_corroboration,SURVIVOR_no_hgca_corroboration,,,false,SURVIVOR_no_hgca_corroboration,,,SURVIVOR_no_hgca_corroboration,,SURVIVOR_no_hgca_corroboration,323.4338508156227,50.35265011870318,31.749169896770905,-14.835380902492535,false,,,SURVIVOR_no_hgca_corroboration,SURVIVOR_no_hgca_corroboration,SURVIVOR_no_hgca_corroboration,*,,,1,6.314210902280598
1840361261198518016,orbital_pool,Orbital,497.2529852316473,0.3115838948212981,54.745956,2.6888583,8.782575160281725,13.433547,2.080986,113.86182090674215,66.26194019684412,66.73851876562787,75.85294772143897,,,,,,0.4907787760768166,0,0,false,false,true,false,,,SURVIVOR_no_hgca_corroboration,6.8,,SURVIVOR_no_hgca_corroboration,SURVIVOR_no_hgca_corroboration,,,false,SURVIVOR_no_hgca_corroboration,,,SURVIVOR_no_hgca_corroboration,,SURVIVOR_no_hgca_corroboration,318.87388181915173,23.88898630466084,36.2718991949954,-55.69099600998562,false,,,SURVIVOR_no_hgca_corroboration,SURVIVOR_no_hgca_corroboration,SURVIVOR_no_hgca_corroboration,*,,,0,5.708050573374214
5641853376288087040,orbital_pool,Orbital,282.126210460563,0.5281764983525955,30.005554,2.3686986,12.879030873974193,13.279649,2.4146795,77.6455938172172,34.21109375518848,34.45622979006604,40.00833496903798,,,,,,0.541652930839211,0,0,false,false,true,false,,,SURVIVOR_no_hgca_corroboration,4.8005554,,SURVIVOR_no_hgca_corroboration,SURVIVOR_no_hgca_corroboration,,,false,SURVIVOR_no_hgca_corroboration,,,SURVIVOR_no_hgca_corroboration,,SURVIVOR_no_hgca_corroboration,133.65848637258694,-29.103101540724886,-175.40254191617132,133.48521042565983,false,,,SURVIVOR_no_hgca_corroboration,SURVIVOR_no_hgca_corroboration,SURVIVOR_no_hgca_corroboration,PM*,,,1,5.175833278821878
5517951094581790464,orbital_pool,Orbital,168.37299800147926,0.3828558902351386,34.919907,3.5946274,25.325268794497998,13.920033,3.0629015,39.48625414855433,34.688735525342224,34.905233126397945,41.56204447948745,,,,,,0.32235045176605887,0,0,false,false,true,false,,,SURVIVOR_no_hgca_corroboration,5.2919906999999995,,SURVIVOR_no_hgca_corroboration,SURVIVOR_no_hgca_corroboration,,,false,SURVIVOR_no_hgca_corroboration,,,SURVIVOR_no_hgca_corroboration,,SURVIVOR_no_hgca_corroboration,121.03107691548762,-47.36059773973184,-57.045562487311244,-115.78992460873168,false,,,SURVIVOR_no_hgca_corroboration,SURVIVOR_no_hgca_corroboration,SURVIVOR_no_hgca_corroboration,PM*,,,1,5.080508854318292
5821251995588120192,orbital_pool,Orbital,708.5594608962493,0.3695499191055562,42.822674,3.6042378,7.247140553258741,12.408216,1.6709709,137.98545683653688,51.444330980831026,51.790130544943764,60.529652656377046,,,,,,0.6641572673210535,0,0,false,false,true,false,,,SURVIVOR_no_hgca_corroboration,6.0822674,,SURVIVOR_no_hgca_corroboration,SURVIVOR_no_hgca_corroboration,,,false,SURVIVOR_no_hgca_corroboration,,,SURVIVOR_no_hgca_corroboration,,SURVIVOR_no_hgca_corroboration,241.8337779257514,-67.68707791175245,9.809794261275417,-22.23329937427031,false,,,SURVIVOR_no_hgca_corroboration,SURVIVOR_no_hgca_corroboration,SURVIVOR_no_hgca_corroboration,,,,0,4.713391064100809
2216602183042253184,orbital_pool,Orbital,237.22659069286735,0.3689284502899088,44.118114,3.6771035,14.285663955856778,14.030576,2.659606,70.00024661717065,51.60349244266032,51.806015528513925,61.20696739729879,,,,,,0.3621075911719393,0,0,false,false,true,false,,,SURVIVOR_no_hgca_corroboration,6.211811399999999,,SURVIVOR_no_hgca_corroboration,SURVIVOR_no_hgca_corroboration,,,false,SURVIVOR_no_hgca_corroboration,,,SURVIVOR_no_hgca_corroboration,,SURVIVOR_no_hgca_corroboration,328.8007226924569,63.89085411545249,57.84476405361207,-52.44626811808535,false,,,SURVIVOR_no_hgca_corroboration,SURVIVOR_no_hgca_corroboration,SURVIVOR_no_hgca_corroboration,*,,,1,4.593973973836521
5561751686457989888,orbital_pool,Orbital,440.80214878056745,0.5497844752016103,44.79422,3.0875404,8.937869412564257,14.561606,2.5119982,111.88348742198751,76.0851590519679,76.26713997718198,86.60211460351255,,,,,,0.4262798472638458,0,0,false,false,true,false,,,SURVIVOR_no_hgca_corroboration,6.279422,,SURVIVOR_no_hgca_corroboration,SURVIVOR_no_hgca_corroboration,,,false,SURVIVOR_no_hgca_corroboration,,,SURVIVOR_no_hgca_corroboration,,SURVIVOR_no_hgca_corroboration,108.82232129428174,-40.08302854192335,60.149565038110694,-150.54105763070686,false,,,SURVIVOR_no_hgca_corroboration,SURVIVOR_no_hgca_corroboration,SURVIVOR_no_hgca_corroboration,PM*,,,2,4.25923831097879
5806112991773422592,orbital_pool,Orbital,671.7478572728763,0.45552162563276327,26.118513,3.0881317,11.94958498851766,11.479818,1.6519413,83.68491466112829,34.889105770331206,35.57840622614815,41.877147596008605,,,,,,0.6708727039893682,0,0,false,false,true,false,,,SURVIVOR_no_hgca_corroboration,4.4118513,,SURVIVOR_no_hgca_corroboration,SURVIVOR_no_hgca_corroboration,,,false,SURVIVOR_no_hgca_corroboration,,,SURVIVOR_no_hgca_corroboration,,SURVIVOR_no_hgca_corroboration,248.11898781655228,-72.04792640881226,56.17248655715987,-69.06914065689435,false,,,SURVIVOR_no_hgca_corroboration,SURVIVOR_no_hgca_corroboration,SURVIVOR_no_hgca_corroboration,PM*,,,4,3.7376011265456546
5051663228440768256,orbital_pool,Orbital,320.8485972392231,0.3359400285257511,21.005844,1.827802,8.62034737307253,13.443348,2.1249208,116.00460593081324,27.653090356207834,28.209582335822837,33.892029697123895,,,,,,0.4907340191240012,0,1,false,false,true,false,,,SURVIVOR_no_hgca_corroboration,3.9005843999999996,,SURVIVOR_no_hgca_corroboration,SURVIVOR_no_hgca_corroboration,,,false,SURVIVOR_no_hgca_corroboration,,,SURVIVOR_no_hgca_corroboration,,SURVIVOR_no_hgca_corroboration,45.64443337201068,-32.95910337147977,27.05101216820551,-35.31977945782986,false,,,SURVIVOR_no_hgca_corroboration,SURVIVOR_no_hgca_corroboration,SURVIVOR_no_hgca_corroboration,,,,0,3.3668934496990506
4873456273596417024,orbital_pool,Orbital,166.31161987537516,0.4416916231477296,26.835052,2.4755785,15.535057193377767,14.533437,2.9501677,64.37053868242447,59.45377989290026,59.747861924970515,68.33386940841824,,,,,,0.3617415849194132,0,0,false,false,true,false,,,SURVIVOR_no_hgca_corroboration,4.4835052,,SURVIVOR_no_hgca_corroboration,SURVIVOR_no_hgca_corroboration,,,false,SURVIVOR_no_hgca_corroboration,,,SURVIVOR_no_hgca_corroboration,,SURVIVOR_no_hgca_corroboration,73.2016091133009,-32.8888846412818,6.444567552795071,-272.4400289371038,false,,,SURVIVOR_no_hgca_corroboration,SURVIVOR_no_hgca_corroboration,SURVIVOR_no_hgca_corroboration,PM*,,,6,3.021934852470313
5307472958083005568,orbital_pool,Orbital,191.18778019511737,0.38999770935902994,23.436073,2.8357527,16.127083087337354,13.954918,2.765212,62.00749351785624,44.946668087630734,45.46056934735746,52.71018170380909,,,,,,0.35019875561556796,0,0,false,false,true,false,,,SURVIVOR_no_hgca_corroboration,4.143607299999999,,SURVIVOR_no_hgca_corroboration,SURVIVOR_no_hgca_corroboration,,,false,SURVIVOR_no_hgca_corroboration,,,SURVIVOR_no_hgca_corroboration,,SURVIVOR_no_hgca_corroboration,142.86834637950224,-54.64851226763786,-110.79801635572619,113.18478073373336,false,,,SURVIVOR_no_hgca_corroboration,SURVIVOR_no_hgca_corroboration,SURVIVOR_no_hgca_corroboration,PM*,,,1,3.0187456554673457
476230273047466752,orbital_pool,Orbital,392.6853190903599,0.6499487212711866,21.756409,1.9657737,12.534544305278782,14.429266,2.7654295,79.77952573663657,48.71638669864438,48.75379404732416,56.42472914213294,,,,,,0.34921450037307944,0,1,false,false,true,false,,,SURVIVOR_no_hgca_corroboration,3.9756409,,SURVIVOR_no_hgca_corroboration,SURVIVOR_no_hgca_corroboration,,,false,SURVIVOR_no_hgca_corroboration,,,SURVIVOR_no_hgca_corroboration,,SURVIVOR_no_hgca_corroboration,68.84529964588462,64.49784212174242,34.1068398195038,-112.98293401846033,false,,,SURVIVOR_no_hgca_corroboration,SURVIVOR_no_hgca_corroboration,SURVIVOR_no_hgca_corroboration,PM*,,,1,2.822449723724743
6435207503134067072,orbital_pool,Orbital,226.83833397010142,0.650363597198919,33.094917,3.900367,16.869729467433363,14.365828,2.90555,59.277773359109155,50.527152248397286,52.79444677920934,62.38410939650726,,,,,,0.3626954029926145,0,0,false,false,true,false,,,SURVIVOR_no_hgca_corroboration,5.1094916999999995,,SURVIVOR_no_hgca_corroboration,SURVIVOR_no_hgca_corroboration,,,false,SURVIVOR_no_hgca_corroboration,,,SURVIVOR_no_hgca_corroboration,,SURVIVOR_no_hgca_corroboration,287.9067268213495,-65.34163829144782,27.635859778115176,-106.70529142513567,false,,,SURVIVOR_no_hgca_corroboration,SURVIVOR_no_hgca_corroboration,SURVIVOR_no_hgca_corroboration,PM*,,,2,2.7911812943741134
4617994298889714944,orbital_pool,Orbital,548.3348011407704,0.4384076420804732,29.35004,3.6134362,7.862434430355832,12.389663,1.7426853,127.18707022078692,60.64437986857163,61.95291866469231,71.26266654998366,,,,,,0.6769969320200864,0,0,false,false,true,false,,,SURVIVOR_no_hgca_corroboration,4.735004,,SURVIVOR_no_hgca_corroboration,SURVIVOR_no_hgca_corroboration,,,false,SURVIVOR_no_hgca_corroboration,,,SURVIVOR_no_hgca_corroboration,,SURVIVOR_no_hgca_corroboration,26.582267474419663,-83.12911033273542,26.91678714718561,50.984321946687494,false,,,SURVIVOR_no_hgca_corroboration,SURVIVOR_no_hgca_corroboration,SURVIVOR_no_hgca_corroboration,,,,0,2.7641031816723376
459447705518922112,orbital_pool,Orbital,271.94885782840004,0.2795957380510532,28.559357,2.601064,16.93719818546769,14.670772,3.0234947,59.04164248712703,45.16699034262269,46.18957868227041,55.53174488342379,,,,,,0.33573408166998486,0,0,false,false,true,false,,,SURVIVOR_no_hgca_corroboration,4.6559357,,SURVIVOR_no_hgca_corroboration,SURVIVOR_no_hgca_corroboration,,,false,SURVIVOR_no_hgca_corroboration,,,SURVIVOR_no_hgca_corroboration,,SURVIVOR_no_hgca_corroboration,44.66690027884457,54.993448349085526,188.98714400161867,-63.15510937160302,false,,,SURVIVOR_no_hgca_corroboration,SURVIVOR_no_hgca_corroboration,SURVIVOR_no_hgca_corroboration,PM*,,,1,2.75543013465253
2048997677082421888,orbital_pool,Orbital,184.56392094710435,0.44808477255161777,24.709366,3.0034733,15.201620604139755,13.643353,2.6344042,65.78246004427164,41.0715992780247,41.3296049992815,50.09421579673601,,,,,,0.3972655076268621,0,0,false,false,true,false,,,SURVIVOR_no_hgca_corroboration,4.2709366,,SURVIVOR_no_hgca_corroboration,SURVIVOR_no_hgca_corroboration,,,false,SURVIVOR_no_hgca_corroboration,,,SURVIVOR_no_hgca_corroboration,,SURVIVOR_no_hgca_corroboration,295.36503987586383,37.23605697279015,11.049925240413364,-3.9195048729402906,false,,,SURVIVOR_no_hgca_corroboration,SURVIVOR_no_hgca_corroboration,SURVIVOR_no_hgca_corroboration,,,,0,2.738603147851529
1940819618543939712,orbital_pool,Orbital,679.8955335903398,0.6200861737705365,28.57044,2.8117433,7.912104772899863,15.491525,2.7748642,126.38861955230281,65.22662354040658,65.86859699732341,75.6737273946922,,,,,,0.3495893843597192,0,0,false,false,true,false,,,SURVIVOR_no_hgca_corroboration,4.657044,,SURVIVOR_no_hgca_corroboration,SURVIVOR_no_hgca_corroboration,,,false,SURVIVOR_no_hgca_corroboration,,,SURVIVOR_no_hgca_corroboration,,SURVIVOR_no_hgca_corroboration,358.01259998407016,49.707110357548075,66.03220292121877,5.090107337676772,false,,,SURVIVOR_no_hgca_corroboration,SURVIVOR_no_hgca_corroboration,SURVIVOR_no_hgca_corroboration,*,,,0,2.734771320214245
2001304268592446976,orbital_pool,Orbital,634.2269935449149,0.575526424935662,32.098953,2.482376,4.676049876736753,13.859464,1.8177166,213.85571718877043,72.9061529859489,73.90860522703676,84.80536274259123,,,,,,0.6552003953337343,0,0,false,false,true,false,,,SURVIVOR_no_hgca_corroboration,5.0098953,,SURVIVOR_no_hgca_corroboration,SURVIVOR_no_hgca_corroboration,,,false,SURVIVOR_no_hgca_corroboration,,,SURVIVOR_no_hgca_corroboration,,SURVIVOR_no_hgca_corroboration,336.28149805976335,51.765069064265894,18.574560321610708,4.042324261095227,false,,,SURVIVOR_no_hgca_corroboration,SURVIVOR_no_hgca_corroboration,SURVIVOR_no_hgca_corroboration,*,,,0,2.697570145957119
4859658502178953856,orbital_pool,Orbital,566.1759089818856,0.616194021496176,27.251362,3.7752059,7.484724900113519,13.682261,2.1787434,133.60544486876643,68.12309158317085,68.28145916503252,78.78430497884983,,,,,,0.49299862010116347,0,0,false,false,true,false,,,SURVIVOR_no_hgca_corroboration,4.5251362,,SURVIVOR_no_hgca_corroboration,SURVIVOR_no_hgca_corroboration,,,false,SURVIVOR_no_hgca_corroboration,,,SURVIVOR_no_hgca_corroboration,,SURVIVOR_no_hgca_corroboration,54.1760318778452,-36.66211826712656,42.666718406320115,18.621017353580527,false,,,SURVIVOR_no_hgca_corroboration,SURVIVOR_no_hgca_corroboration,SURVIVOR_no_hgca_corroboration,,,,0,2.5561219899270604
2121636607829584512,orbital_pool,Orbital,251.70139755312522,0.29216826370468685,33.898243,3.501114,12.026256675669996,13.771468,2.5509033,83.15139340265983,74.70925431652793,75.03563768962394,88.86320917249327,,,,,,0.44647491575849063,0,0,false,false,true,false,,,SURVIVOR_no_hgca_corroboration,5.1898243,,SURVIVOR_no_hgca_corroboration,SURVIVOR_no_hgca_corroboration,,,false,SURVIVOR_no_hgca_corroboration,,,SURVIVOR_no_hgca_corroboration,,SURVIVOR_no_hgca_corroboration,274.13639296251245,46.85723637722002,21.83328435660446,25.912430120791207,false,,,SURVIVOR_no_hgca_corroboration,SURVIVOR_no_hgca_corroboration,SURVIVOR_no_hgca_corroboration,,,,0,2.3949661663441875
4899220717253183232,orbital_pool,Orbital,439.74822269859,0.35198100841897856,37.791367,2.4142632,8.466202474444987,14.829705,2.9065065,118.11671206995983,72.2763956550414,72.60823691222285,88.4627837668822,,,,,,0.45265532229757977,0,0,false,false,true,false,,,SURVIVOR_no_hgca_corroboration,5.5791367,,SURVIVOR_no_hgca_corroboration,SURVIVOR_no_hgca_corroboration,,,false,SURVIVOR_no_hgca_corroboration,,,SURVIVOR_no_hgca_corroboration,,SURVIVOR_no_hgca_corroboration,66.0377952743148,-21.782855949270125,71.98506279290365,23.056295344249122,false,,,SURVIVOR_no_hgca_corroboration,SURVIVOR_no_hgca_corroboration,SURVIVOR_no_hgca_corroboration,,,,0,2.3347621927065094
6568810741571242240,orbital_pool,Orbital,162.06988499091753,0.5453629723225433,33.806587,3.1898022,12.971260270575595,13.648139,2.5330505,77.09351128112283,62.08460354155127,62.90140634444734,76.97018765842478,,,,,,0.4626738667890972,0,0,false,false,true,false,,,SURVIVOR_no_hgca_corroboration,5.1806587,,SURVIVOR_no_hgca_corroboration,SURVIVOR_no_hgca_corroboration,,,false,SURVIVOR_no_hgca_corroboration,,,SURVIVOR_no_hgca_corroboration,,SURVIVOR_no_hgca_corroboration,334.8068127424311,-43.61872315189796,-91.96477779507103,-155.48603639992467,false,,,SURVIVOR_no_hgca_corroboration,SURVIVOR_no_hgca_corroboration,SURVIVOR_no_hgca_corroboration,PM*,,,2,2.271095761816874
4944420025363064576,orbital_pool,Orbital,940.1035645910586,0.6321001317464096,28.242813,3.9068537,7.343608388014966,13.342997,2.0243902,136.17283863230455,65.80690114427388,65.83921428869652,78.41066152599183,,,,,,0.6334228519252704,0,0,false,false,true,false,,,SURVIVOR_no_hgca_corroboration,4.6242813,,SURVIVOR_no_hgca_corroboration,SURVIVOR_no_hgca_corroboration,,,false,SURVIVOR_no_hgca_corroboration,,,SURVIVOR_no_hgca_corroboration,,SURVIVOR_no_hgca_corroboration,33.22054125613412,-44.35747564843553,-53.443817213391625,-37.33754881007388,false,,,SURVIVOR_no_hgca_corroboration,SURVIVOR_no_hgca_corroboration,SURVIVOR_no_hgca_corroboration,,,,0,2.240824336915106
572305530361263360,orbital_pool,Orbital,567.3914702011689,0.31715946561416686,22.15572,1.652172,6.938724987901771,14.706412,2.6190138,144.11869640943848,38.897776619428726,39.79813337074075,48.81913684622377,,,,,,0.5194560501784268,0,1,false,false,true,false,,,SURVIVOR_no_hgca_corroboration,4.015572,,SURVIVOR_no_hgca_corroboration,SURVIVOR_no_hgca_corroboration,,,false,SURVIVOR_no_hgca_corroboration,,,SURVIVOR_no_hgca_corroboration,,SURVIVOR_no_hgca_corroboration,23.786946753685175,82.87257898171441,92.73961630965456,-74.31310414591064,false,,,SURVIVOR_no_hgca_corroboration,SURVIVOR_no_hgca_corroboration,SURVIVOR_no_hgca_corroboration,PM*,,,2,2.2331333097011328
1378978110276584704,orbital_pool,AstroSpectroSB1,213.8546352900514,0.4969692219974956,27.653563,2.7977343,15.788597889151557,8.773908,0.9693527,63.336846439486955,61.37836377900984,62.60086536645403,73.94335996881222,,,,,,1.0,0,0,false,false,true,false,,,SURVIVOR_no_hgca_corroboration,5.0653562999999995,,SURVIVOR_no_hgca_corroboration,SURVIVOR_no_hgca_corroboration,,,false,SURVIVOR_no_hgca_corroboration,,,SURVIVOR_no_hgca_corroboration,,SURVIVOR_no_hgca_corroboration,242.43310965419087,38.487844714055214,-70.35092043877793,88.49617430655059,false,,,SURVIVOR_no_hgca_corroboration,SURVIVOR_no_hgca_corroboration,SURVIVOR_no_hgca_corroboration,SB*,,,10,2.20084133590453
500015011658082560,orbital_pool,Orbital,579.2527473975226,0.380619156049636,33.140404,2.9642315,6.0755027655197535,12.964163,1.7638903,164.59543162012716,68.96687622606058,69.99540111925012,84.6515726790397,,,,,,0.7205017186520629,0,0,false,false,true,false,,,SURVIVOR_no_hgca_corroboration,5.1140403999999995,,SURVIVOR_no_hgca_corroboration,SURVIVOR_no_hgca_corroboration,,,false,SURVIVOR_no_hgca_corroboration,,,SURVIVOR_no_hgca_corroboration,,SURVIVOR_no_hgca_corroboration,65.56827019104325,70.4087931646285,23.127088388292666,-32.9947677136083,false,,,SURVIVOR_no_hgca_corroboration,SURVIVOR_no_hgca_corroboration,SURVIVOR_no_hgca_corroboration,,,,0,2.1129133164515506
5530582799555870848,orbital_pool,Orbital,319.5228209545886,0.288631196329546,21.210014,2.3328066,10.090947203447117,13.468639,2.27357,99.09872481132348,49.52305669184256,50.116933506589305,59.583250234265506,,,,,,0.547615600927474,0,0,false,false,true,false,,,SURVIVOR_no_hgca_corroboration,3.9210013999999997,,SURVIVOR_no_hgca_corroboration,SURVIVOR_no_hgca_corroboration,,,false,SURVIVOR_no_hgca_corroboration,,,SURVIVOR_no_hgca_corroboration,,SURVIVOR_no_hgca_corroboration,116.8890082991834,-46.927551875974025,-32.97991924118199,30.79769186159121,false,,,SURVIVOR_no_hgca_corroboration,SURVIVOR_no_hgca_corroboration,SURVIVOR_no_hgca_corroboration,,,,0,2.1083107308581344
279178238656808960,orbital_pool,Orbital,587.9190762334941,0.39246323214377576,29.464237,3.3077443,10.691309922716615,14.751282,2.7360954,93.53390812057803,62.35461485006047,62.42283446544705,76.45443334716767,,,,,,0.34911958881966176,0,0,false,false,true,false,,,SURVIVOR_no_hgca_corroboration,4.746423699999999,,SURVIVOR_no_hgca_corroboration,SURVIVOR_no_hgca_corroboration,,,false,SURVIVOR_no_hgca_corroboration,,,SURVIVOR_no_hgca_corroboration,,SURVIVOR_no_hgca_corroboration,70.55989258178002,59.76413422315442,-31.451972957436936,54.34983185751243,false,,,SURVIVOR_no_hgca_corroboration,SURVIVOR_no_hgca_corroboration,SURVIVOR_no_hgca_corroboration,*,,,1,2.089689098199744
823361658894534528,orbital_pool,Orbital,391.95461581928987,0.6266581204800213,22.60757,2.2564955,6.739305745015838,13.4678,1.9938021,148.38323676582948,71.097117886141,71.26167689048378,83.5040056514286,,,,,,0.6472758752827716,0,0,false,false,true,false,,,SURVIVOR_no_hgca_corroboration,4.060757,,SURVIVOR_no_hgca_corroboration,SURVIVOR_no_hgca_corroboration,,,false,SURVIVOR_no_hgca_corroboration,,,SURVIVOR_no_hgca_corroboration,,SURVIVOR_no_hgca_corroboration,149.28848345209485,48.1112466261078,-73.24552707740332,-3.109966542235351,false,,,SURVIVOR_no_hgca_corroboration,SURVIVOR_no_hgca_corroboration,SURVIVOR_no_hgca_corroboration,,,,0,1.8221789724939899
1559672572740684544,orbital_pool,Orbital,333.16093445773254,0.24566498142794543,32.15335,2.596302,8.158664162978583,12.578118,1.7662439,122.56908484328613,53.881382050492526,55.286497422892,71.8526598183103,,,,,,0.6583629494767415,0,0,false,false,true,false,,,SURVIVOR_no_hgca_corroboration,5.015335,,SURVIVOR_no_hgca_corroboration,SURVIVOR_no_hgca_corroboration,,,false,SURVIVOR_no_hgca_corroboration,,,SURVIVOR_no_hgca_corroboration,,SURVIVOR_no_hgca_corroboration,201.6420258609891,50.85062195447044,24.93590274863109,-12.369853858215999,false,,,SURVIVOR_no_hgca_corroboration,SURVIVOR_no_hgca_corroboration,SURVIVOR_no_hgca_corroboration,*,,,2,1.7891521357250901
5690945333510473728,orbital_pool,Orbital,324.6801919822614,0.40850340801371177,22.050768,2.3035312,13.349982658634483,13.872833,2.7537832,74.90646434309946,62.29890118634677,63.566869909769736,75.17466661795947,,,,,,0.4526821009607718,0,0,false,false,true,false,,,SURVIVOR_no_hgca_corroboration,4.005076799999999,,SURVIVOR_no_hgca_corroboration,SURVIVOR_no_hgca_corroboration,,,false,SURVIVOR_no_hgca_corroboration,,,SURVIVOR_no_hgca_corroboration,,SURVIVOR_no_hgca_corroboration,147.45274234017344,-12.642443366860084,-37.46159467976342,-58.48451705050189,false,,,SURVIVOR_no_hgca_corroboration,SURVIVOR_no_hgca_corroboration,SURVIVOR_no_hgca_corroboration,*,,,1,1.7125791951646416
3078244434464299520,orbital_pool,Orbital,285.9296504970978,0.4565927800798162,32.2886,3.633642,9.15225731562583,13.615937,2.231596,109.26266226067314,69.81897110859661,73.19902222302504,88.70379296006433,,,,,,0.49078323361607873,0,0,false,false,true,false,,,SURVIVOR_no_hgca_corroboration,5.02886,,SURVIVOR_no_hgca_corroboration,SURVIVOR_no_hgca_corroboration,,,false,SURVIVOR_no_hgca_corroboration,,,SURVIVOR_no_hgca_corroboration,,SURVIVOR_no_hgca_corroboration,129.33253590173612,0.49054692253222915,-24.146325217463954,15.320944214032073,false,,,SURVIVOR_no_hgca_corroboration,SURVIVOR_no_hgca_corroboration,SURVIVOR_no_hgca_corroboration,,,,0,1.7097646064101233
47003301749997824,orbital_pool,Orbital,142.23066367140484,0.48729064262328464,25.231726,2.4349952,15.412714698988454,13.842746,2.684019,64.88149683751887,41.0421601417122,41.798933320102506,55.81659341856876,,,,,,0.34142449804454683,0,0,false,false,true,false,,,SURVIVOR_no_hgca_corroboration,4.3231725999999995,,SURVIVOR_no_hgca_corroboration,SURVIVOR_no_hgca_corroboration,,,false,SURVIVOR_no_hgca_corroboration,,,SURVIVOR_no_hgca_corroboration,,SURVIVOR_no_hgca_corroboration,62.42579476658134,18.668014060498322,-40.94382301480285,-126.60246664195341,false,,,SURVIVOR_no_hgca_corroboration,SURVIVOR_no_hgca_corroboration,SURVIVOR_no_hgca_corroboration,PM*,,,1,1.7077965379236775
2881691475275599360,orbital_pool,Orbital,643.4694161807543,0.7208217933191035,20.57709,3.5524209,10.219207307120312,9.918151,1.0057945,97.85494803527884,74.85057315601718,75.11747901022096,87.0141523837439,,,,,,0.9524666988746401,0,0,false,false,true,false,,,SURVIVOR_no_hgca_corroboration,3.857709,,SURVIVOR_no_hgca_corroboration,SURVIVOR_no_hgca_corroboration,,,false,SURVIVOR_no_hgca_corroboration,,,SURVIVOR_no_hgca_corroboration,,SURVIVOR_no_hgca_corroboration,358.1292194786892,39.43319721377713,98.16253407599825,18.83948760921281,false,,,SURVIVOR_no_hgca_corroboration,SURVIVOR_no_hgca_corroboration,SURVIVOR_no_hgca_corroboration,PM*,,,1,1.6916969598138332
4897069316595282560,orbital_pool,Orbital,653.0779479027411,0.1318306182070328,55.40304,3.3470387,10.724881335563861,10.334401,1.1269302,93.2411248862946,47.56003800472981,54.565684691438975,80.35180457076908,,,,,,0.872043987324647,0,0,false,false,true,false,,,SURVIVOR_no_hgca_corroboration,6.8,,SURVIVOR_no_hgca_corroboration,SURVIVOR_no_hgca_corroboration,,,false,SURVIVOR_no_hgca_corroboration,,,SURVIVOR_no_hgca_corroboration,,SURVIVOR_no_hgca_corroboration,63.41543224116309,-23.82115429534838,-24.21023511353906,-70.09286048553254,false,,,SURVIVOR_no_hgca_corroboration,SURVIVOR_no_hgca_corroboration,SURVIVOR_no_hgca_corroboration,PM*,,,7,1.6895411806626501
4776963682897871616,orbital_pool,Orbital,270.7591766184416,0.43005351456610463,20.446424,2.7909894,9.768401206161855,12.831265,2.0183315,102.37089764179684,65.31213979690344,65.66217596667666,77.61058004417765,,,,,,0.6302845249169883,0,0,false,false,true,false,,,SURVIVOR_no_hgca_corroboration,3.8446423999999997,,SURVIVOR_no_hgca_corroboration,SURVIVOR_no_hgca_corroboration,,,false,SURVIVOR_no_hgca_corroboration,,,SURVIVOR_no_hgca_corroboration,,SURVIVOR_no_hgca_corroboration,72.79555686299727,-54.23755849713575,108.32080854479963,162.13996785118692,false,,,SURVIVOR_no_hgca_corroboration,SURVIVOR_no_hgca_corroboration,SURVIVOR_no_hgca_corroboration,PM*,,,1,1.6625217172992062
6001430443506147712,orbital_pool,Orbital,328.12755488268465,0.4229585407206787,26.426414,2.6941721,10.699893758794317,13.231274,2.2805653,93.45887188628326,55.788678451984495,56.36285110677842,72.33306030211658,,,,,,0.49303405373329773,0,0,false,false,true,false,,,SURVIVOR_no_hgca_corroboration,4.442641399999999,,SURVIVOR_no_hgca_corroboration,SURVIVOR_no_hgca_corroboration,,,false,SURVIVOR_no_hgca_corroboration,,,SURVIVOR_no_hgca_corroboration,,SURVIVOR_no_hgca_corroboration,232.47368458918606,-43.20759586894509,-10.528116738246048,31.961818708347632,false,,,SURVIVOR_no_hgca_corroboration,SURVIVOR_no_hgca_corroboration,SURVIVOR_no_hgca_corroboration,,,,0,1.5973044045637175
1931327981334887424,orbital_pool,Orbital,127.44499118651417,7.318038677378883e-6,30.025637,2.1027238,11.65692098245306,13.838832,2.5333757,85.78594652097932,48.72777333293903,52.360012169085856,67.86981973453805,,,,,,0.47615050897309846,0,0,false,false,true,false,,,SURVIVOR_no_hgca_corroboration,4.8025637,,SURVIVOR_no_hgca_corroboration,SURVIVOR_no_hgca_corroboration,,,false,SURVIVOR_no_hgca_corroboration,,,SURVIVOR_no_hgca_corroboration,,SURVIVOR_no_hgca_corroboration,343.81499651273197,42.18294477923966,64.66556987178602,-6.831761429717792,false,,,SURVIVOR_no_hgca_corroboration,SURVIVOR_no_hgca_corroboration,SURVIVOR_no_hgca_corroboration,*,,,1,1.5685698576873064
5222030356143508224,orbital_pool,Orbital,482.96170454300693,0.2305529178846456,30.962217,2.6279142,8.832389191746953,14.310385,2.500824,113.21964853342367,53.019933676779736,54.66661237650254,73.14359396415804,,,,,,0.5311767143392541,0,0,false,false,true,false,,,SURVIVOR_no_hgca_corroboration,4.8962217,,SURVIVOR_no_hgca_corroboration,SURVIVOR_no_hgca_corroboration,,,false,SURVIVOR_no_hgca_corroboration,,,SURVIVOR_no_hgca_corroboration,,SURVIVOR_no_hgca_corroboration,135.08194573738385,-71.53285340904064,-69.57469931286118,85.54719213889314,false,,,SURVIVOR_no_hgca_corroboration,SURVIVOR_no_hgca_corroboration,SURVIVOR_no_hgca_corroboration,,,,0,1.5385976784461874
5512176940544856832,orbital_pool,Orbital,351.6919364123254,0.6162239894543386,20.267067,2.8566036,11.32124059804466,14.300824,2.69516,88.32954227407853,75.95802735837738,76.08725468584447,89.5651363576453,,,,,,0.3974207228369076,0,0,false,false,true,false,,,SURVIVOR_no_hgca_corroboration,3.8267067,,SURVIVOR_no_hgca_corroboration,SURVIVOR_no_hgca_corroboration,,,false,SURVIVOR_no_hgca_corroboration,,,SURVIVOR_no_hgca_corroboration,,SURVIVOR_no_hgca_corroboration,111.69538739848208,-43.24843178833229,28.36064677043627,-19.442008401660672,false,,,SURVIVOR_no_hgca_corroboration,SURVIVOR_no_hgca_corroboration,SURVIVOR_no_hgca_corroboration,,,,0,1.4894469502001044
2165359649799642624,orbital_pool,Orbital,414.1897899860576,0.4381906302065682,22.302803,2.6779284,6.621808338992189,13.914397,2.3421583,151.01614978971074,71.1057990819948,72.7254655794595,86.56692709704906,,,,,,0.5618945365290459,0,0,false,false,true,false,,,SURVIVOR_no_hgca_corroboration,4.030280299999999,,SURVIVOR_no_hgca_corroboration,SURVIVOR_no_hgca_corroboration,,,false,SURVIVOR_no_hgca_corroboration,,,SURVIVOR_no_hgca_corroboration,,SURVIVOR_no_hgca_corroboration,317.4029833767049,48.42771783640706,25.815770320936945,5.897735761685788,false,,,SURVIVOR_no_hgca_corroboration,SURVIVOR_no_hgca_corroboration,SURVIVOR_no_hgca_corroboration,,,,0,1.4425081390105634
5454062631414334976,orbital_pool,AstroSpectroSB1,670.4163312410283,0.25214254627318994,20.42564,1.5571854,3.2888368006145403,9.097097,1.3561907,304.05886963231,70.66986417886876,71.54973370570579,84.87242678340218,,,,,,1.0,0,1,false,false,true,false,,,SURVIVOR_no_hgca_corroboration,4.342563999999999,,SURVIVOR_no_hgca_corroboration,SURVIVOR_no_hgca_corroboration,,,false,SURVIVOR_no_hgca_corroboration,,,SURVIVOR_no_hgca_corroboration,,SURVIVOR_no_hgca_corroboration,161.31856925048245,-31.31999191090057,-18.892281286994642,11.55125601199618,false,,,SURVIVOR_no_hgca_corroboration,SURVIVOR_no_hgca_corroboration,SURVIVOR_no_hgca_corroboration,SB*,,,3,1.4381658133638646
1040760465194064768,orbital_pool,Orbital,155.8333612536171,0.2846187859696145,24.668406,1.8715283,10.087164258193896,13.319433,2.1804209,99.1358893742303,66.78775932208926,68.70490693228646,83.99407678302285,,,,,,0.4904994325259218,0,1,false,false,true,false,,,SURVIVOR_no_hgca_corroboration,4.2668406,,SURVIVOR_no_hgca_corroboration,SURVIVOR_no_hgca_corroboration,,,false,SURVIVOR_no_hgca_corroboration,,,SURVIVOR_no_hgca_corroboration,,SURVIVOR_no_hgca_corroboration,130.7159305407482,59.155464595480886,84.29262752926374,-36.44837699093897,false,,,SURVIVOR_no_hgca_corroboration,SURVIVOR_no_hgca_corroboration,SURVIVOR_no_hgca_corroboration,PM*,,,1,1.4336830676295989
4529004294512067840,orbital_pool,Orbital,249.0603695842962,0.36010620840126145,29.246891,2.3010268,8.362045830420081,12.289704,1.6712408,119.5879597265689,68.61734338907098,69.44787692819094,89.9079120437445,,,,,,0.7235433659896136,0,0,false,false,true,false,,,SURVIVOR_no_hgca_corroboration,4.7246891,,SURVIVOR_no_hgca_corroboration,SURVIVOR_no_hgca_corroboration,,,false,SURVIVOR_no_hgca_corroboration,,,SURVIVOR_no_hgca_corroboration,,SURVIVOR_no_hgca_corroboration,276.646908075688,21.159234525970568,-53.73738286178881,-36.83454101366918,false,,,SURVIVOR_no_hgca_corroboration,SURVIVOR_no_hgca_corroboration,SURVIVOR_no_hgca_corroboration,,,,0,1.37370173030019
1842037432317534080,orbital_pool,Orbital,402.062419720161,0.3670737523801123,22.050743,3.2066967,8.476022779990053,13.638558,2.2102318,117.97986224869177,47.659018047393594,50.543263372980476,63.799982970791284,,,,,,0.4911862916380454,0,0,false,false,true,false,,,SURVIVOR_no_hgca_corroboration,4.0050743,,SURVIVOR_no_hgca_corroboration,SURVIVOR_no_hgca_corroboration,,,false,SURVIVOR_no_hgca_corroboration,,,SURVIVOR_no_hgca_corroboration,,SURVIVOR_no_hgca_corroboration,312.5691341544651,22.836958750110938,-35.952244634851716,-157.00755539530752,false,,,SURVIVOR_no_hgca_corroboration,SURVIVOR_no_hgca_corroboration,SURVIVOR_no_hgca_corroboration,PM*,,,1,1.3661353645614822
6539749721536755072,orbital_pool,Orbital,540.9510236194615,0.47514598860943136,21.080023,2.3521228,7.892692159203013,14.774424,2.513505,126.69948096657781,50.485863264245744,54.229387082854274,66.28579258654737,,,,,,0.48080604127763704,0,0,false,false,true,false,,,SURVIVOR_no_hgca_corroboration,3.9080022999999997,,SURVIVOR_no_hgca_corroboration,SURVIVOR_no_hgca_corroboration,,,false,SURVIVOR_no_hgca_corroboration,,,SURVIVOR_no_hgca_corroboration,,SURVIVOR_no_hgca_corroboration,345.07636904502414,-45.52845180418144,-25.987642794906442,11.5400105635273,false,,,SURVIVOR_no_hgca_corroboration,SURVIVOR_no_hgca_corroboration,SURVIVOR_no_hgca_corroboration,,,,0,1.3341846390569299
1066084554442080768,orbital_pool,Orbital,577.9100094691534,0.7055921428673471,21.09604,2.1354508,3.4388714595207825,13.496387,1.4401808,290.7930731843502,72.84909176844741,75.12814904124987,88.74480382292818,,,,,,0.7609698731313218,0,0,false,false,true,false,,,SURVIVOR_no_hgca_corroboration,3.909604,,SURVIVOR_no_hgca_corroboration,SURVIVOR_no_hgca_corroboration,,,false,SURVIVOR_no_hgca_corroboration,,,SURVIVOR_no_hgca_corroboration,,SURVIVOR_no_hgca_corroboration,153.72105535500904,67.03799195033761,-16.314213947738732,-13.864436067431999,false,,,SURVIVOR_no_hgca_corroboration,SURVIVOR_no_hgca_corroboration,SURVIVOR_no_hgca_corroboration,*,,,0,1.3271528779393895
1116334159978975616,orbital_pool,Orbital,552.697818581608,0.3094387453502132,24.131187,1.7607565,8.161943053452998,16.082369,2.9519844,122.51984526857723,63.18241865040851,64.2861638241648,81.82550289348924,,,,,,0.3253811420994273,0,1,false,false,true,false,,,SURVIVOR_no_hgca_corroboration,4.2131187,,SURVIVOR_no_hgca_corroboration,SURVIVOR_no_hgca_corroboration,,,false,SURVIVOR_no_hgca_corroboration,,,SURVIVOR_no_hgca_corroboration,,SURVIVOR_no_hgca_corroboration,98.45631715913197,75.44750079772874,-4.288338432565503,-105.69385676346744,false,,,SURVIVOR_no_hgca_corroboration,SURVIVOR_no_hgca_corroboration,SURVIVOR_no_hgca_corroboration,*,,,0,1.2943774047985723
6423551786526180480,orbital_pool,Orbital,240.70545920771667,0.2195199412093406,21.384699,1.7435892,10.634173727903303,15.55987,2.9669657,94.03645507276906,52.49667458616675,54.489345640793495,70.20698880683642,,,,,,0.32530298989616047,0,1,false,false,true,false,,,SURVIVOR_no_hgca_corroboration,3.9384699,,SURVIVOR_no_hgca_corroboration,SURVIVOR_no_hgca_corroboration,,,false,SURVIVOR_no_hgca_corroboration,,,SURVIVOR_no_hgca_corroboration,,SURVIVOR_no_hgca_corroboration,297.490527444998,-69.83765420106859,44.914105768833,-177.71103608777068,false,,,SURVIVOR_no_hgca_corroboration,SURVIVOR_no_hgca_corroboration,SURVIVOR_no_hgca_corroboration,PM*,,,3,1.207471461745267
4126593827703878272,orbital_pool,Orbital,224.92808361556365,0.23239130859882537,20.227793,2.062922,11.064420180805442,15.494156,3.0518675,90.37979249331114,60.364833464219295,62.85822083218136,78.57429508884339,,,,,,0.344492430509784,0,0,false,false,true,false,,,SURVIVOR_no_hgca_corroboration,3.8227792999999997,,SURVIVOR_no_hgca_corroboration,SURVIVOR_no_hgca_corroboration,,,false,SURVIVOR_no_hgca_corroboration,,,SURVIVOR_no_hgca_corroboration,,SURVIVOR_no_hgca_corroboration,252.48079768575002,-22.176638514293536,-36.24199476221456,-16.036918584083224,false,,,SURVIVOR_no_hgca_corroboration,SURVIVOR_no_hgca_corroboration,SURVIVOR_no_hgca_corroboration,,,,0,1.1108397061364286
5679841533084995840,orbital_pool,Orbital,324.22614814640855,0.18262908249214882,22.716087,2.263741,10.018652936775265,13.677184,2.3981056,99.81381791651056,38.70502893127653,41.90661844930682,60.38903255908153,,,,,,0.4878717450787912,0,0,false,false,true,false,,,SURVIVOR_no_hgca_corroboration,4.0716087000000005,,SURVIVOR_no_hgca_corroboration,SURVIVOR_no_hgca_corroboration,,,false,SURVIVOR_no_hgca_corroboration,,,SURVIVOR_no_hgca_corroboration,,SURVIVOR_no_hgca_corroboration,139.56434189864842,-19.35776774631883,3.957605737372592,8.12186594466916,false,,,SURVIVOR_no_hgca_corroboration,SURVIVOR_no_hgca_corroboration,SURVIVOR_no_hgca_corroboration,,,,0,1.0475965319832166
5477202403375800960,orbital_pool,Orbital,553.1217353764955,0.3187478579060817,21.579405,1.9315565,7.330547957513902,15.557852,2.776641,136.4154502222426,59.44462261348753,61.97954308767699,80.45470593030961,,,,,,0.35475047740303167,0,1,false,false,true,false,,,SURVIVOR_no_hgca_corroboration,3.9579405,,SURVIVOR_no_hgca_corroboration,SURVIVOR_no_hgca_corroboration,,,false,SURVIVOR_no_hgca_corroboration,,,SURVIVOR_no_hgca_corroboration,,SURVIVOR_no_hgca_corroboration,99.71280497235729,-63.001513271898105,13.759410497841307,-8.502411082321974,false,,,SURVIVOR_no_hgca_corroboration,SURVIVOR_no_hgca_corroboration,SURVIVOR_no_hgca_corroboration,,,,0,1.027097545240198
4602466720805165696,orbital_pool,Orbital,605.3741334897936,0.21238075584127952,23.780008,1.9163741,5.099356136219449,13.88221,1.9219999,196.1031889687505,64.05444748143559,65.05449556473121,87.4273764542262,,,,,,0.659355423202811,0,1,false,false,true,false,,,SURVIVOR_no_hgca_corroboration,4.1780007999999995,,SURVIVOR_no_hgca_corroboration,SURVIVOR_no_hgca_corroboration,,,false,SURVIVOR_no_hgca_corroboration,,,SURVIVOR_no_hgca_corroboration,,SURVIVOR_no_hgca_corroboration,263.97370456639067,34.49326099949873,-3.2991001692349307,-24.7313109120308,false,,,SURVIVOR_no_hgca_corroboration,SURVIVOR_no_hgca_corroboration,SURVIVOR_no_hgca_corroboration,,,,0,1.0174166886693268
4864766764482270336,orbital_pool,Orbital,518.76885580791,0.2228307046489551,22.265678,1.653417,4.120521208910641,13.856803,1.6486168,242.6877448992367,62.250195557644666,64.44671349073965,84.69144551446956,,,,,,0.7191927215731567,0,1,false,false,true,false,,,SURVIVOR_no_hgca_corroboration,4.0265678000000005,,SURVIVOR_no_hgca_corroboration,SURVIVOR_no_hgca_corroboration,,,false,SURVIVOR_no_hgca_corroboration,,,SURVIVOR_no_hgca_corroboration,,SURVIVOR_no_hgca_corroboration,68.2049672333787,-38.74808842508962,21.51454656719636,-23.981776809249805,false,,,SURVIVOR_no_hgca_corroboration,SURVIVOR_no_hgca_corroboration,SURVIVOR_no_hgca_corroboration,,,,0,0.9921763735459174
4912347614778324736,orbital_pool,Orbital,734.197891802111,0.3218187073129237,20.93611,2.2729948,8.045020592361388,15.309578,2.8159065,124.30048978985626,59.62327544802965,60.582591597417874,80.74830330711674,,,,,,0.35981115040470346,0,0,false,false,true,false,,,SURVIVOR_no_hgca_corroboration,3.893611,,SURVIVOR_no_hgca_corroboration,SURVIVOR_no_hgca_corroboration,,,false,SURVIVOR_no_hgca_corroboration,,,SURVIVOR_no_hgca_corroboration,,SURVIVOR_no_hgca_corroboration,24.763699333012852,-55.17233247776012,-13.96470750229965,-9.11248740892764,false,,,SURVIVOR_no_hgca_corroboration,SURVIVOR_no_hgca_corroboration,SURVIVOR_no_hgca_corroboration,,,,0,0.9910571545586944
875595500664186880,orbital_pool,Orbital,525.8818494811662,0.2878971474529883,20.76614,1.9463145,8.186073333076296,14.822879,2.6385965,122.15869065812579,46.310761884901645,48.63515803886581,67.37103932606323,,,,,,0.4888315008815001,0,1,false,false,true,false,,,SURVIVOR_no_hgca_corroboration,3.876614,,SURVIVOR_no_hgca_corroboration,SURVIVOR_no_hgca_corroboration,,,false,SURVIVOR_no_hgca_corroboration,,,SURVIVOR_no_hgca_corroboration,,SURVIVOR_no_hgca_corroboration,119.05339258771288,28.833717937247076,-22.727471625476426,-43.257550965623466,false,,,SURVIVOR_no_hgca_corroboration,SURVIVOR_no_hgca_corroboration,SURVIVOR_no_hgca_corroboration,,,,0,0.9860335438607898
1951867751899469696,orbital_pool,Orbital,76.95487917192726,0.31127933945426156,21.186106,1.7589784,18.301525512340138,14.624199,3.036581,54.64025385893278,65.7451953070273,69.78102980089238,87.61481913860155,,,,,,0.3187593390244736,0,1,false,false,true,false,,,SURVIVOR_no_hgca_corroboration,3.9186105999999996,,SURVIVOR_no_hgca_corroboration,SURVIVOR_no_hgca_corroboration,,,false,SURVIVOR_no_hgca_corroboration,,,SURVIVOR_no_hgca_corroboration,,SURVIVOR_no_hgca_corroboration,323.4865087814971,36.806369024528635,232.6789736661895,-40.87611917889072,false,,,SURVIVOR_no_hgca_corroboration,SURVIVOR_no_hgca_corroboration,SURVIVOR_no_hgca_corroboration,PM*,,,3,0.968745789281139
5384108781078539392,orbital_pool,Orbital,599.3249538713488,0.4018176180768782,20.122114,1.4006304,6.022411903365461,16.020678,2.8575172,166.0464305739661,65.44030682070124,66.56763908350658,87.20165473261196,,,,,,0.3491396964805425,0,1,false,false,true,false,,,SURVIVOR_no_hgca_corroboration,3.8122114,,SURVIVOR_no_hgca_corroboration,SURVIVOR_no_hgca_corroboration,,,false,SURVIVOR_no_hgca_corroboration,,,SURVIVOR_no_hgca_corroboration,,SURVIVOR_no_hgca_corroboration,174.6424441260865,-41.03845415839855,25.110493536875047,-47.70711153534199,false,,,SURVIVOR_no_hgca_corroboration,SURVIVOR_no_hgca_corroboration,SURVIVOR_no_hgca_corroboration,,,,0,0.9246722253352003
1946887995017221888,orbital_pool,Orbital,237.23939164833027,0.20396975958531138,22.956255,2.6213455,12.070999467124725,12.058105,1.9021254,82.84318152142185,45.04988523897958,51.93396087817433,70.31102615561308,,,,,,0.6311267898412016,0,0,false,false,true,false,,,SURVIVOR_no_hgca_corroboration,4.0956255,,SURVIVOR_no_hgca_corroboration,SURVIVOR_no_hgca_corroboration,,,false,SURVIVOR_no_hgca_corroboration,,,SURVIVOR_no_hgca_corroboration,,SURVIVOR_no_hgca_corroboration,325.778422062012,32.92951326819375,23.68841560546899,-27.458152116078843,false,,,SURVIVOR_no_hgca_corroboration,SURVIVOR_no_hgca_corroboration,SURVIVOR_no_hgca_corroboration,*,,,0,0.9087576477942917
5837642106177059456,orbital_pool,Orbital,213.3217924630757,0.1287655018908756,23.059967,2.1372113,8.054440613253453,13.62776,2.218934,124.1551149256121,45.85368336773906,57.306672663632135,89.21191199071124,,,,,,0.49038726375585606,0,0,false,false,true,false,,,SURVIVOR_no_hgca_corroboration,4.1059967,,SURVIVOR_no_hgca_corroboration,SURVIVOR_no_hgca_corroboration,,,false,SURVIVOR_no_hgca_corroboration,,,SURVIVOR_no_hgca_corroboration,,SURVIVOR_no_hgca_corroboration,192.30634091563664,-74.90728797930348,-3.5095751898220677,16.640908488424135,false,,,SURVIVOR_no_hgca_corroboration,SURVIVOR_no_hgca_corroboration,SURVIVOR_no_hgca_corroboration,,,,0,0.5318475346518723
551891619522796672,orbital_pool,Orbital,377.1230895253509,0.08899901541951351,22.456247,2.244883,10.472156414061098,12.949308,2.1517973,95.49131625433776,37.46157184151756,47.30274271868298,83.75234025284307,,,,,,0.5552362817508726,0,0,false,false,true,false,,,SURVIVOR_no_hgca_corroboration,4.045624699999999,,SURVIVOR_no_hgca_corroboration,SURVIVOR_no_hgca_corroboration,,,false,SURVIVOR_no_hgca_corroboration,,,SURVIVOR_no_hgca_corroboration,,SURVIVOR_no_hgca_corroboration,78.45346866899943,76.87321710254287,-16.475942527448893,-43.25578841747335,false,,,SURVIVOR_no_hgca_corroboration,SURVIVOR_no_hgca_corroboration,SURVIVOR_no_hgca_corroboration,,,,0,0.48511285879855587
